{
  "run_at": "2026-07-21T00:12:32.682534",
  "n_samples": 10000,
  "fraud_model": {
    "auc": 0.9999635224925922,
    "precision": 0.9966329966329966,
    "recall": 1.0,
    "f1": 0.9983136593591906
  },
  "credit_model": {
    "test_mae": 25.133214192708333,
    "test_r2": 0.8502285539379761
  },
  "gnn_model": {
    "test_auc": 1.0
  }
}